{
    "camera_matrix": [
        [
            3383.560917662728,
            0.0,
            982.4929417606794
        ],
        [
            0.0,
            2555.9543228928273,
            510.67236361452706
        ],
        [
            0.0,
            0.0,
            1.0
        ]
    ],
    "dist_coeffs": [
        [
            0.8073795738661599,
            -180.70495256060278,
            0.005317579756319928,
            0.14674774694775952,
            2104.6559331756184
        ]
    ],
    "image_size": [
        1920,
        1080
    ]
}