{
    "camera_matrix": [
        [
            1143.5367321140511,
            0.0,
            932.7080696708775
        ],
        [
            0.0,
            1151.0883701280204,
            571.6817102190282
        ],
        [
            0.0,
            0.0,
            1.0
        ]
    ],
    "dist_coeffs": [
        [
            -0.4686457002602555,
            0.4282377070493223,
            0.001055576799967483,
            -0.0012808126707468121,
            -0.2840101237012547
        ]
    ],
    "image_size": [
        1920,
        1080
    ]
}