{
    "camera_matrix_left": [
        [
            1412.7729416548887,
            0.0,
            954.9798265803341
        ],
        [
            0.0,
            1138.4442177035628,
            509.57849360685884
        ],
        [
            0.0,
            0.0,
            1.0
        ]
    ],
    "camera_matrix_right": [
        [
            1948.566639109141,
            0.0,
            954.5232634949931
        ],
        [
            0.0,
            854.6661242099509,
            568.0471130536719
        ],
        [
            0.0,
            0.0,
            1.0
        ]
    ],
    "dist_coeffs_left": [
        [
            1.4131191723393444,
            3.0559543360023813,
            0.07516123244053033,
            0.006153985454858107,
            8.032081419401326
        ]
    ],
    "dist_coeffs_right": [
        [
            -0.12388322266870717,
            -0.4506103764836,
            0.027819096226499068,
            -0.037752060513975484,
            0.6234450492163269
        ]
    ],
    "rotation_matrix": [
        [
            0.9567884892875888,
            0.1370942185440599,
            -0.25643900251047475
        ],
        [
            -0.2634169490888095,
            0.7821385563830798,
            -0.5646864524244719
        ],
        [
            0.12315558330630921,
            0.6078358774050652,
            0.7844541085619332
        ]
    ],
    "translation_vector": [
        [
            -1.7108488362361747
        ],
        [
            -0.7537636265630706
        ],
        [
            3.1557180033402545
        ]
    ],
    "image_size": [
        1920,
        1080
    ],
    "baseline": 0.68
}